Service;Work_accident;Promotion;Sexe;Salaire horaire anonymise;Age anonymise;Anciennete anonymise;id
Consultant;Non;0;F;75;48;24;Row0
Consultant;Non;1;H;45;66;12;Row1
RH;Oui;1;F;30;54;12;Row2
Consultant;Non;0;H;15;60;21;Row3
R&D;Oui;0;H;30;39;3;Row4
Commercial;Non;0;H;45;54;12;Row5
Marketing;Oui;1;H;90;48;18;Row6
RH;Oui;1;F;45;66;9;Row7
Marketing;Non;1;H;75;36;6;Row8
Compta Finances;Oui;0;H;30;45;18;Row9
RH;Oui;1;F;45;69;6;Row10
Consultant;Non;1;F;60;45;21;Row11
Commercial;Non;1;F;75;57;21;Row12
R&D;Non;1;H;60;60;21;Row13
Commercial;Oui;1;H;60;54;12;Row14
Marketing;Non;1;H;45;51;24;Row15
R&D;Non;0;H;60;42;15;Row16
Consultant;Oui;1;F;15;51;3;Row17
Consultant;Non;0;F;30;66;24;Row18
Compta Finances;Oui;1;F;60;69;15;Row19
Consultant;Oui;0;F;45;51;9;Row20
Consultant;Oui;0;H;15;54;12;Row21
Commercial;Oui;1;F;30;54;15;Row22
R&D;Oui;1;H;75;63;6;Row23
Marketing;Oui;1;H;75;63;15;Row24
Compta Finances;Oui;1;F;15;36;6;Row25
Consultant;Oui;-99;F;30;54;0;Row26
RH;Oui;0;H;15;66;9;Row27
RH;Non;1;H;30;36;3;Row28
Consultant;Oui;1;H;15;57;9;Row29
Commercial;Oui;1;F;30;63;6;Row30
Marketing;Oui;1;H;45;54;24;Row31
Marketing;Oui;1;H;30;36;9;Row32
RH;Oui;1;H;30;54;24;Row33
Consultant;Non;0;H;30;48;24;Row34
Consultant;Oui;1;H;15;51;24;Row35
RH;Non;0;H;45;66;15;Row36
Commercial;Non;0;H;60;48;18;Row37
Compta Finances;Oui;1;F;60;66;6;Row38
RH;Oui;0;F;60;45;3;Row39
Commercial;Non;0;H;90;63;15;Row40
Consultant;Non;0;F;15;33;9;Row41
Compta Finances;Non;1;H;75;54;15;Row42
Consultant;Non;0;H;15;45;18;Row43
Consultant;Oui;0;F;45;51;18;Row44
Compta Finances;Oui;0;H;30;54;18;Row45
Consultant;Non;-99;F;30;51;0;Row46
RH;Oui;0;H;45;57;6;Row47
Marketing;Non;-99;H;15;42;0;Row48
Marketing;Non;1;F;15;39;3;Row49
R&D;Oui;1;F;75;51;9;Row50
Marketing;Non;1;H;90;63;24;Row51
Commercial;Oui;-99;F;30;51;3;Row52
Marketing;Non;1;H;30;54;21;Row53
Compta Finances;Non;1;H;15;60;9;Row54
R&D;Oui;0;F;60;42;3;Row55
Consultant;Oui;-99;F;30;66;0;Row56
Consultant;Non;1;F;75;48;3;Row57
Consultant;Oui;1;H;15;57;6;Row58
Consultant;Oui;1;H;75;60;6;Row59
Compta Finances;Non;1;H;15;42;18;Row60
Compta Finances;Non;1;F;60;66;9;Row61
Consultant;Oui;1;H;75;57;6;Row62
Commercial;Oui;0;F;45;45;24;Row63
RH;Non;1;F;45;39;15;Row64
RH;Oui;1;H;75;36;12;Row65
Commercial;Oui;-99;F;30;60;3;Row66
RH;Non;1;H;60;36;9;Row67
Marketing;Oui;-99;F;15;57;0;Row68
Compta Finances;Oui;1;F;75;66;24;Row69
Consultant;Oui;1;H;60;51;21;Row70
Commercial;Oui;1;H;15;54;21;Row71
R&D;Non;0;H;75;39;9;Row72
Consultant;Oui;1;F;15;54;15;Row73
Commercial;Oui;0;F;75;51;12;Row74
Consultant;Oui;0;H;75;39;6;Row75
Consultant;Non;0;F;45;39;15;Row76
RH;Non;0;H;60;45;21;Row77
Commercial;Oui;0;F;15;42;12;Row78
Marketing;Oui;0;H;30;45;21;Row79
Commercial;Oui;1;H;15;45;9;Row80
Consultant;Non;1;H;75;60;21;Row81
Marketing;Oui;-99;F;30;51;0;Row82
Consultant;Non;1;F;15;54;6;Row83
Marketing;Oui;1;F;30;45;18;Row84
Marketing;Oui;0;F;75;57;9;Row85
Compta Finances;Oui;-99;F;30;33;0;Row86
RH;Non;0;H;30;60;6;Row87
Consultant;Oui;1;F;45;45;12;Row88
Commercial;Non;1;H;45;51;24;Row89
Commercial;Oui;1;F;30;60;6;Row90
Consultant;Oui;1;F;60;63;9;Row91
RH;Non;0;F;30;57;18;Row92
Consultant;Oui;0;H;15;39;3;Row93
RH;Oui;0;H;60;60;12;Row94
Marketing;Oui;1;F;30;63;3;Row95
Consultant;Non;1;H;60;60;6;Row96
Compta Finances;Non;1;H;15;57;15;Row97
Commercial;Non;1;F;60;42;18;Row98
Consultant;Oui;1;H;60;36;6;Row99
RH;Non;0;H;30;48;21;Row100
Consultant;Non;0;F;30;42;12;Row101
Commercial;Non;1;F;30;45;9;Row102
Compta Finances;Non;1;F;15;42;12;Row103
Commercial;Oui;0;H;75;51;9;Row104
Compta Finances;Non;0;F;60;45;6;Row105
Marketing;Non;1;F;30;48;21;Row106
Commercial;Oui;1;H;90;42;18;Row107
Compta Finances;Non;1;H;30;57;15;Row108
Consultant;Non;0;H;15;54;12;Row109
RH;Oui;0;H;60;48;21;Row110
Compta Finances;Non;0;H;45;57;21;Row111
Consultant;Oui;1;H;75;57;9;Row112
Marketing;Non;0;H;15;33;12;Row113
Commercial;Oui;1;H;45;54;24;Row114
R&D;Oui;1;H;60;66;24;Row115
Compta Finances;Oui;1;F;90;60;12;Row116
Commercial;Oui;1;H;75;39;6;Row117
Commercial;Non;0;F;75;48;12;Row118
Commercial;Non;0;H;30;45;24;Row119
Marketing;Non;0;H;90;48;24;Row120
Consultant;Oui;0;H;15;63;24;Row121
Commercial;Non;0;F;60;51;24;Row122
Marketing;Non;0;F;45;54;24;Row123
RH;Oui;0;H;90;39;9;Row124
Compta Finances;Non;-99;F;15;63;3;Row125
Compta Finances;Non;0;H;45;60;15;Row126
Commercial;Non;0;F;60;54;18;Row127
R&D;Oui;1;F;30;63;24;Row128
RH;Oui;0;F;60;42;21;Row129
Marketing;Non;0;H;60;48;6;Row130
Commercial;Non;0;F;60;48;21;Row131
RH;Oui;0;F;75;39;12;Row132
Commercial;Oui;0;H;60;45;21;Row133
Marketing;Oui;0;F;45;54;15;Row134
Compta Finances;Oui;1;H;90;51;12;Row135
Marketing;Non;0;H;45;45;9;Row136
Compta Finances;Oui;1;F;15;54;15;Row137
Consultant;Non;1;H;30;66;12;Row138
Commercial;Oui;0;H;75;54;18;Row139
Consultant;Oui;1;F;30;69;12;Row140
Marketing;Oui;0;F;60;54;21;Row141
Marketing;Non;-99;H;30;45;0;Row142
RH;Non;1;F;45;54;9;Row143
Consultant;Non;-99;H;15;57;0;Row144
Commercial;Oui;0;F;30;42;18;Row145
Consultant;Non;1;H;45;57;3;Row146
RH;Non;0;F;75;51;21;Row147
Consultant;Non;0;H;30;42;9;Row148
Consultant;Non;0;H;30;45;24;Row149
Marketing;Non;0;F;30;60;9;Row150
Consultant;Oui;0;F;60;66;21;Row151
Compta Finances;Oui;1;H;90;66;9;Row152
Consultant;Non;1;F;15;48;21;Row153
Consultant;Non;0;H;45;48;9;Row154
RH;Oui;1;H;75;42;6;Row155
RH;Non;1;H;30;39;12;Row156
RH;Oui;1;F;30;60;15;Row157
Compta Finances;Non;0;F;60;63;6;Row158
Consultant;Oui;1;H;45;57;18;Row159
Commercial;Oui;0;H;75;57;21;Row160
Consultant;Oui;0;H;60;45;6;Row161
Marketing;Non;1;H;30;63;15;Row162
RH;Oui;1;H;45;63;24;Row163
RH;Oui;0;F;30;57;24;Row164
RH;Non;1;H;30;63;21;Row165
Marketing;Oui;0;F;30;45;12;Row166
R&D;Oui;1;H;60;48;24;Row167
Commercial;Non;1;F;75;39;12;Row168
Compta Finances;Non;0;F;15;33;3;Row169
Compta Finances;Non;1;F;45;39;6;Row170
Commercial;Non;1;F;30;63;24;Row171
Compta Finances;Non;1;H;15;45;6;Row172
Commercial;Oui;0;H;30;57;24;Row173
R&D;Oui;0;H;75;54;24;Row174
Compta Finances;Oui;0;F;60;48;24;Row175
Commercial;Oui;1;F;60;57;9;Row176
Commercial;Non;0;H;60;45;21;Row177
Commercial;Oui;0;F;75;42;15;Row178
Commercial;Non;0;F;15;63;3;Row179
RH;Non;0;F;45;60;15;Row180
Commercial;Oui;0;H;75;60;15;Row181
R&D;Non;1;H;45;63;24;Row182
RH;Non;0;F;60;51;18;Row183
Compta Finances;Oui;1;F;45;57;9;Row184
Commercial;Non;1;H;90;60;15;Row185
Marketing;Oui;1;H;30;69;18;Row186
Consultant;Non;-99;H;15;45;3;Row187
Consultant;Oui;0;F;60;51;6;Row188
Consultant;Non;0;F;15;54;6;Row189
Consultant;Non;1;F;15;42;6;Row190
Marketing;Non;0;H;75;42;15;Row191
R&D;Oui;0;H;75;54;9;Row192
Compta Finances;Non;1;H;60;66;6;Row193
RH;Non;0;F;45;60;3;Row194
Marketing;Non;1;F;15;39;15;Row195
R&D;Oui;0;H;45;57;3;Row196
Compta Finances;Oui;0;F;75;48;15;Row197
Consultant;Oui;0;H;30;63;6;Row198
Marketing;Oui;0;F;75;48;6;Row199
Commercial;Non;0;F;15;60;9;Row200
RH;Non;0;H;75;60;18;Row201
RH;Oui;0;H;75;48;6;Row202
Compta Finances;Oui;1;F;45;57;24;Row203
Compta Finances;Non;1;F;30;42;9;Row204
Consultant;Oui;1;H;60;57;18;Row205
Consultant;Oui;0;H;15;51;15;Row206
Consultant;Non;0;H;45;54;6;Row207
Consultant;Oui;1;H;45;48;24;Row208
Consultant;Oui;1;H;45;48;18;Row209
Consultant;Non;1;H;30;54;21;Row210
Commercial;Oui;0;H;60;51;18;Row211
Consultant;Oui;0;H;15;42;18;Row212
RH;Oui;1;F;30;54;15;Row213
Consultant;Oui;0;H;30;60;3;Row214
Compta Finances;Non;1;F;60;48;12;Row215
R&D;Oui;0;H;45;45;6;Row216
RH;Non;1;F;30;60;15;Row217
Compta Finances;Non;0;F;45;57;15;Row218
Consultant;Non;0;H;30;69;6;Row219
Commercial;Oui;0;F;45;51;6;Row220
Commercial;Non;0;F;45;36;3;Row221
Consultant;Non;1;F;45;60;24;Row222
Commercial;Oui;0;H;45;39;15;Row223
Marketing;Oui;0;H;90;66;12;Row224
Commercial;Oui;1;F;75;51;15;Row225
Commercial;Non;0;H;45;60;15;Row226
Compta Finances;Non;1;F;75;39;18;Row227
Compta Finances;Oui;1;H;30;42;9;Row228
Compta Finances;Non;1;H;75;42;18;Row229
RH;Non;1;F;75;42;6;Row230
RH;Oui;1;F;60;42;9;Row231
Consultant;Non;-99;F;15;39;0;Row232
Marketing;Non;1;H;90;36;9;Row233
RH;Non;1;F;30;57;18;Row234
Consultant;Oui;0;F;30;60;9;Row235
Consultant;Non;1;F;75;57;9;Row236
Compta Finances;Non;-99;F;15;36;0;Row237
Compta Finances;Non;0;H;60;51;15;Row238
Consultant;Non;1;H;30;60;12;Row239
Marketing;Non;1;H;75;48;24;Row240
Compta Finances;Oui;0;H;30;66;21;Row241
RH;Non;1;F;60;66;18;Row242
Commercial;Oui;1;F;45;54;24;Row243
RH;Non;1;F;45;66;6;Row244
Consultant;Non;0;F;90;57;24;Row245
Commercial;Oui;1;F;45;48;24;Row246
Commercial;Oui;0;F;75;54;18;Row247
Consultant;Non;1;F;90;51;6;Row248
Commercial;Non;0;H;15;51;15;Row249
RH;Oui;0;F;60;57;9;Row250
Consultant;Non;0;F;60;45;9;Row251
Compta Finances;Non;0;F;75;42;9;Row252
RH;Non;1;F;75;48;12;Row253
Commercial;Oui;1;F;75;66;12;Row254
Marketing;Non;1;F;60;63;12;Row255
